<?xml version="1.0" encoding="UTF-8" standalone="yes"?>
<addon id="repository.ixxx" name=".[COLOR red].iXXX [/COLOR][COLOR white] Repo [/COLOR]" version="0.0.8" provider-name="iX4">
	<extension point="xbmc.addon.repository" name="iX4 XXX Repo">
	<dir>
		<info compressed="false">https://github.com/tvaddonsco/tva-adult-repo/raw/master/addons.xml</info>
		<checksum>https://github.com/tvaddonsco/tva-adult-repo/raw/master/addons.xml.md5</checksum>
		<datadir zip="true">https://github.com/tvaddonsco/tva-adult-repo/raw/master/</datadir>
	</dir>
	<dir>
		<info compressed="false">https://raw.githubusercontent.com/xbmc-adult/xbmc-adult/ghmaster/addons.xml</info>
		<checksum>https://raw.githubusercontent.com/xbmc-adult/xbmc-adult/ghmaster/addons.xml.md5</checksum>
		<datadir zip="true">https://raw.githubusercontent.com/xbmc-adult/xbmc-adult/ghmaster</datadir>
	</dir>
	<dir>
		<info compressed="false">https://github.com/tvaddonsco/tva-adult-repo/raw/master/addons.xml</info>
		<checksum>https://github.com/tvaddonsco/tva-adult-repo/raw/master/addons.xml.md5</checksum>
		<datadir zip="true">https://github.com/tvaddonsco/tva-adult-repo/raw/master/</datadir>
	</dir>
	<dir>
		<info compressed="false">https://raw.githubusercontent.com/fishenzon/repo/master/addons.xml</info>
		<checksum>https://raw.githubusercontent.com/fishenzon/repo/master/addons.xml.md5</checksum>
		<datadir zip="true">https://raw.githubusercontent.com/fishenzon/repo/master/zips</datadir>
</dir>
<dir>
		<info compressed="false">https://raw.githubusercontent.com/Kodi-vStream/venom-xbmc-addons/master/addons.xml</info>
		<checksum>https://raw.githubusercontent.com/Kodi-vStream/venom-xbmc-addons/master/addons.xml.md5</checksum>
		<datadir zip="true">https://github.com/Kodi-vStream/venom-xbmc-addons/raw/master/repo</datadir>
</dir>
<dir>
		<info compressed="false">https://raw.githubusercontent.com/Ovni-crea/seleniumzip/master/addons.xml</info>
		<checksum>https://raw.githubusercontent.com/Ovni-crea/seleniumzip/master/addons.xml.md5</checksum>
		<datadir zip="true">https://raw.githubusercontent.com/Ovni-crea/seleniumzip/master</datadir>
</dir>

			<info compressed="false">https://raw.githubusercontent.com/ix4/repository.ixxx/master/zips/addons.xml</info>
			<checksum>https://raw.githubusercontent.com/ix4/repository.ixxx/master/zips/addons.xml.md5</checksum>
			<datadir zip="true">https://raw.githubusercontent.com/ix4/repository.ixxx/master/zips/</datadir>
	</extension>
	<extension point="xbmc.addon.metadata">
		<summary lang="en">A Repo for Adult Addons</summary>
		<description lang="en">A Repo for Adult Addons</description>
		<genre>adult</genre>
	</extension>
</addon>
