<?xml version="1.0" encoding="UTF-8" standalone="yes"?>
<addon id="repository.ixxx" name="iX4 XXX Repo" version="0.0.1" provider-name="iX4">
	<extension point="xbmc.addon.repository" name="iX4 XXX Repo">
		<dir>
			<info compressed="false">https://raw.githubusercontent.com/totalrevolution/python-koding/master/zips/addons.xml</info>
			<checksum>https://raw.githubusercontent.com/totalrevolution/python-koding/master/zips/addons.xml.md5</checksum>
			<datadir zip="true">https://raw.githubusercontent.com/totalrevolution/python-koding/master/zips/</datadir>
		</dir>
		<info compressed="false">https://raw.githubusercontent.com/ix4/repository.ixxx/master/zips/addons.xml</info>
		<checksum>https://raw.githubusercontent.com/ix4/repository.ixxx/master/zips/addons.xml.md5</checksum>
		<datadir zip="true">https://raw.githubusercontent.com/ix4/repository.ixxx/master/zips/</datadir>
	</extension>
	<extension point="xbmc.addon.metadata">
		<summary lang="en">A Repo for Adult Addons</summary>
		<description lang="en">A Repo for Adult Addons</description>
		<genre>adult</genre>
	</extension>
</addon>